filename;image_size_mp;very_large_image
000000018.TIF;32.04;no
00000018.TIF;64.69;no
00000102.TIF;63.44;no
00000128.TIF;32.04;no
1149-0007.tif;28.06;no
131_012.TIF;57.17;no
31_50_1146_A_039_0006_00_00_ZG_8_04112_00042_8_0.tif;364.87;yes
A_318_005.tif;82.24;no
B_115_035.tif;308.75;yes
Blatt 9_Treppenanlage und Straßeneinteilung a d Haltestelle Alex - ungültig.tif;19.69;no
C316_UBw13165_Vorräume im Bereich des Flughafengeländes .tiff;70.04;no
D 73-006.TIF;32.04;no
D085_19270929_Unterfangung Haus Hermannstr 256-57 überholt.tif;41.41;no
D_99_023.tif;258.13;yes
DE_016.tif;333.37;yes
DE_029 nicht realisiert.tif;108.24;no
E11-02a_Übersichtsplan Anbau Notausstiegsschacht.tif;141.81;no
E59-E60_1-1-7-1b_TK2_BAII-2a_Baugrubenplan.tif;41.02;no
E_37_006.tif;64.83;no
Fettabscheider_Blatt 1.tif;9.86;no
G-A_55_102_98d.tif;141.08;no
G_90_a.tif;94.08;no
GLW-SM 01.tif;32.31;no
H_119_x.tif;35.43;no
M1417_ungültig.TIF;19.41;no
Mh-PG-01-a.pdf;;not_applicable
S_100_159.tif;97.91;no
S_112_002.tif;215.7;yes
S_120_002.tif;161.44;yes
S_133_005.tif;149.69;no
S_146_012_neu.tif;27.67;no
S_220_x.tif;177.46;yes
S_223_SK_4995.tif;36.4;no
S_328_a.tif;153.88;yes
S_411_016.tif;282.12;yes
S_504_Ein_01.tif;56.44;no
S_507_SK_20 892.tif;35.42;no
S_510_023 nie gebaut.tif;139.87;no
S_714_006.tif;320.2;yes
U_3_POP_B2-212_a.tif;256.47;yes
UBwE374_Bau eines Lüftungsschachtes Baugrubenaussteifung.tif;94.59;no
WP_Zo_SK-014_Fußstütze_ungültig.pdf;;not_applicable
