Filename;Location;Location_confidence;Location_probability;Title;Title_confidence;Title_probability;Status;Original_size_px;Original_size_MP;Crop_size_px;Sent_size_px;Scale_factor;Scale_percent;Sent_KB;From_cache;Preparation_time_s;First_response_time_s;Model_time_s;Total_time_s
000000018.TIF;Leinestraße, südli;red;0,4548;Aufstellanlage U-Bhf. Leinestraße, südli Treppengeländer und Steigeleitern f. Laufsteg 1-5;red;0,3314;OK;6720x4768;32,0;6720x4768;4748x3369;0,7065;70,7;2026;no;0,21;6,70;9,14;9,35
00000018.TIF;Reichskanzlerplatz;green;0,9662;Revisionszeichnung für die Aboranlage der Haltestelle Reichskanzlerplatz.;yellow;0,5362;OK;9536x6784;64,7;9536x6784;4742x3373;0,4973;49,7;1370;no;0,29;8,21;8,94;9,23
00000102.TIF;Seidelstraße;green;0,9311;U-Bahnüberführung Seidelstraße im Zuge der Linie C1;red;0,4045;OK;9440x6720;63,4;9440x6720;4740x3374;0,5021;50,2;1329;no;0,24;6,73;8,79;9,03
00000128.TIF;U-Bahnbrücke über die Seide.str;red;0,4018;U-Bahnbrücke über die Seide.str Erhöhung der Stützmauer Berliner Seite;yellow;0,6469;OK;6720x4768;32,0;6720x4768;4748x3369;0,7065;70,7;2058;no;0,16;8,28;8,96;9,12
1149-0007.tif;Neu-Westend;green;0,9657;U-Bahn Linie U1 (A1) Bhf. Neu-Westend (Nd);yellow;0,8738;OK;7901x3552;28,1;7901x3552;5965x2681;0,7550;75,5;3051;no;0,13;6,98;9,34;9,47
131_012.TIF;Bismarckstrasse;green;0,9530;EINBAU EINES PERSONENAUFZUGES IM U-BHF BISMARCKSTRASSE;yellow;0,6530;OK;6112x9354;57,2;6112x9354;3233x4948;0,5290;52,9;969;no;0,20;8,55;9,23;9,42
31_50_1146_A_039_0006_00_00_ZG_8_04112_00042_8_0.tif;SOPHIE-CHARLOTTE-PLATZ;yellow;0,6509;REKONSTRUKTION U-BAHNHOF SOPHIE-CHARLOTTE-PLATZ;green;0,9795;OK;25737x14177;364,9;25737x14177;5389x2968;0,2094;20,9;2122;no;0,84;8,45;9,24;10,09
A_318_005.tif;Spittelmarkt;green;0,9974;"Rekonstruktion U-Bhf. ""Spittelmarkt"" Nebenräume - Ausgang Spittelmarkt";yellow;0,7997;OK;16852x4880;82,2;16852x4880;7433x2152;0,4411;44,1;1168;no;0,28;6,80;9,41;9,68
B_115_035.tif;Thierschplatz;yellow;0,5404;NEUBAU U-BAHNZUGANG THIERSCHE PLATZ;yellow;0,7997;OK;24763x12468;308,7;24763x12468;5637x2838;0,2276;22,8;1670;no;0,67;8,92;9,99;10,66
Blatt 9_Treppenanlage und Straßeneinteilung a d Haltestelle Alex - ungültig.tif;Alexanderplatz;green;0,9965;Treppeanlage und Straßeneinteilung an der Haltestelle Alexanderplatz;red;0,4666;OK;5040x3906;19,7;5040x3906;4543x3521;0,9014;90,1;2344;no;0,24;6,99;10,09;10,33
C316_UBw13165_Vorräume im Bereich des Flughafengeländes .tiff;Paradestr.;green;0,9875;U.-Bhf. Paradestr. Vorräume im Bereich des Flughafengeländes;yellow;0,6030;OK;9979x7019;70,0;9979x7019;4769x3354;0,4779;47,8;1524;no;0,43;9,56;11,83;12,27
D 73-006.TIF;Kottbuserstr.;red;0,4633;Luftschacht Los XII vor dem Hause 15 in der Kottbuserstr.;yellow;0,7694;OK;6720x4768;32,0;6720x4768;4748x3369;0,7065;70,7;1613;no;0,25;7,07;11,77;12,02
D085_19270929_Unterfangung Haus Hermannstr 256-57 überholt.tif;BERLINER-STR 1, ECKE HERMANNSTR.;yellow;0,6417;ZEICHNUNG ZUR UNTERFANGUNG DES HAUSES- BERLINER-STR 1, ECKE HERMANNSTR. 256/57.;yellow;0,7052;OK;8349x4960;41,4;8349x4960;5189x3083;0,6215;62,2;2054;no;0,48;7,08;10,89;11,38
D_99_023.tif;Lginestr.;red;0,4522;U-BHF. LGINESTR. TOILETTENUMBAU RAUM 16 + 34;red;0,4162;OK;19028x13566;258,1;19028x13566;4737x3377;0,2489;24,9;2449;no;0,59;8,83;10,21;10,80
DE_016.tif;Spreetunnel;yellow;0,5219;Anordnung der Deckenträger und Wandstützen im Spreetunnel;yellow;0,7944;OK;24206x13772;333,4;24206x13772;5303x3017;0,2191;21,9;2831;no;0,92;8,26;8,84;9,76
DE_029 nicht realisiert.tif;Neue Friedrichstrasse;green;0,9642;Neue Friedrichstrasse;green;0,9974;OK;15850x6829;108,2;15850x6829;6093x2625;0,3844;38,4;2484;no;0,34;6,86;8,69;9,03
E11-02a_Übersichtsplan Anbau Notausstiegsschacht.tif;Alexanderplatz;yellow;0,7498;Ubersichtsplan Anbau Notausstiegsschacht an vorhandenen Fußgängertunnel;red;0,3605;OK;9925x14288;141,8;9925x14288;3333x4799;0,3358;33,6;2058;no;2,74;6,89;7,74;10,48
E59-E60_1-1-7-1b_TK2_BAII-2a_Baugrubenplan.tif;U-Bahnbau Linie E;red;0,3078;Baugrubenplan;yellow;0,7192;OK;6966x5889;41,0;6966x5889;4350x3677;0,6245;62,4;3581;no;0,42;6,90;9,43;9,84
E_37_006.tif;Magdalenenstraße;green;0,9855;Bahnhof Magdalenenstraße Zwicel I Nebenräume Grundriß u. Längsschnitt;red;0,4138;OK;10558x6140;64,8;10558x6140;5245x3050;0,4968;49,7;1596;no;0,24;5,71;7,23;7,47
Fettabscheider_Blatt 1.tif;Lichtenberg;green;0,9818;Fettabscheider 3l/s Mitropa-Gaststätte im U-Bahnhof Lichtenberg Grundriß und Schemarschnitt;yellow;0,5618;OK;3840x2568;9,9;3840x2568;3840x2568;1,0000;100,0;1287;no;0,03;6,53;7,35;7,38
G-A_55_102_98d.tif;Platz der Luftbrücke;green;0,9520;U-Bahnhof Platz der Luftbrücke;yellow;0,8459;OK;14141x9977;141,1;14141x9977;4762x3359;0,3368;33,7;2302;no;0,38;6,91;15,58;15,95
G_90_a.tif;Osloer Straße;green;0,9928;U-Bahnhof Osloer Straße Raum für Betriebs- und Verkehrsmanager;green;0,9504;OK;11050x8514;94,1;11050x8514;4556x3511;0,4123;41,2;2286;no;0,35;8,68;15,49;15,84
GLW-SM 01.tif;Wilmersdorf;green;0,9373;Umbau Gleichrichterwerk Wilmersdorf;green;0,9750;OK;4844x6670;32,3;4844x6670;3408x4693;0,7036;70,4;2198;no;0,18;6,74;8,73;8,91
H_119_x.tif;Rathaus Neukölln;green;0,9983;U-Bhf. Rathaus Neukölln Einbau 'LISI'-Raum;green;0,9619;OK;7081x5003;35,4;7081x5003;4758x3362;0,6719;67,2;1780;no;0,15;8,27;9,02;9,17
M1417_ungültig.TIF;Los;green;0,9825;Normalquerschnitt I-I. für den zweigleisigen Tunnel der A-Fr. Linie. Los;yellow;0,5279;OK;4987x3893;19,4;4987x3893;4527x3534;0,9078;90,8;1137;no;0,23;7,85;12,32;12,55
Mh-PG-01-a.pdf;Mohrenstraße;green;0,9996;Lageplan mit Leitungsbestand;yellow;0,6267;OK;6731x2378;16,0;6731x2378;6729x2377;0,9997;100,0;1899;no;0,25;9,05;11,71;11,96
S_100_159.tif;Bhf Krumme Lanke;yellow;0,5253;Böschungssanierung im Bereich Bhf Krumme Lanke von Km 10,3+40-11,1+70,0;yellow;0,7549;OK;19454x5033;97,9;19454x5033;7864x2034;0,4042;40,4;1675;no;0,42;6,80;9,24;9,66
S_112_002.tif;Danziger Straße;green;0,9980;Bahnhof Danziger Straße.;yellow;0,8694;OK;28516x7564;215,7;28516x7564;7766x2060;0,2723;27,2;1002;no;0,54;8,07;8,42;8,96
S_120_002.tif;Friedrichstrasse;green;0,9664;Lage der Leitungen in der Haltestelle Friedrichstrasse.;green;0,9719;OK;20836x7748;161,4;20836x7748;6559x2439;0,3148;31,5;992;no;0,39;7,28;13,80;14,19
S_133_005.tif;KAISERDAMM;green;0,9986;U-BHF. KAISERDAMM BAHNHOFPLAN;yellow;0,5689;OK;17227x8689;149,7;17227x8689;5632x2840;0,3269;32,7;1148;no;0,32;9,12;13,50;13,82
S_146_012_neu.tif;Dahlem Dorf;yellow;0,6200;Lageplan der Königin-Luise-Straßenbrücke.;yellow;0,7753;OK;4690x5899;27,7;4690x5899;3566x4486;0,7603;76,0;1690;no;0,14;6,78;8,94;9,09
S_220_x.tif;Nollendorfplatz;green;0,9927;Brunnen- und Teichbeckenanlage auf dem Nollendorfplatz. Uebersicht und Grundriß.;yellow;0,6459;OK;16596x10693;177,5;16596x10693;4983x3210;0,3003;30,0;3782;no;0,55;7,88;8,67;9,22
S_223_SK_4995.tif;Rathaus Schöneberg;yellow;0,6788;U-BHF RATHAUS SCHÖNEBERG INSTANDSETZUNG;green;0,9812;OK;10082x3610;36,4;10082x3610;6684x2393;0,6630;66,3;1439;no;0,18;7,45;13,18;13,36
S_328_a.tif;Französische Strasse;green;0,9981;U - Bhf. Französische Strasse Linie 6;yellow;0,7127;OK;18944x8123;153,9;18944x8123;6108x2619;0,3224;32,2;3250;no;0,49;9,46;12,61;13,10
S_411_016.tif;Gesundbrunnen;green;0,9718;Haltestelle Gesundbrunnen;yellow;0,5871;OK;26628x10595;282,1;26628x10595;6341x2523;0,2381;23,8;3085;no;0,74;8,09;8,49;9,23
S_504_Ein_01.tif;Bf. Cottbuser Platz (Hellversdorf);red;0,2647;U-Bahnbau, Linie E;green;0,9828;OK;10273x5494;56,4;10273x5494;5469x2925;0,5324;53,2;3426;no;0,26;6,97;9,08;9,34
S_507_SK_20 892.tif;WUHLTAL;red;0,4873;U-BHF WUHLTAL EINBAU EINES FOTOAUTOMATEN;green;0,9622;OK;7051x5024;35,4;7051x5024;4738x3376;0,6720;67,2;1996;no;0,18;7,29;14,13;14,32
S_510_023 nie gebaut.tif;Tierpark;green;0,9581;U-Bahn Neubaustrecke Friedrichsfelde - Tierpark Standort Gleichrichterwerk;yellow;0,6288;OK;14625x9564;139,9;14625x9564;4946x3234;0,3382;33,8;1621;no;0,34;9,51;13,98;14,32
S_714_006.tif;U-Bhf. Birkenstrasse;red;0,4882;GRUNDRISS, SCHNITTE UND SCHALTERHÄLLE;red;0,3114;OK;23362x13706;320,2;23362x13706;5222x3063;0,2235;22,4;3072;no;1,08;8,09;8,71;9,79
U_3_POP_B2-212_a.tif;Leipziger Platz;yellow;0,8751;S-Bahnquerung mit Treppenanlagen Ostseite Grundröplan Neubau U3-Ebene;red;0,3219;OK;19091x13434;256,5;19091x13434;4768x3355;0,2498;25,0;2475;no;0,63;6,80;9,03;9,67
UBwE374_Bau eines Lüftungsschachtes Baugrubenaussteifung.tif;Alexanderplatz;green;0,9967;Verkehrslösung Alexanderplatz Bau eines Lütungsschachtes U-Bahn Linie E Baugrubenaussteifung Km 0,3+40,4;red;0,3989;OK;11265x8397;94,6;11265x8397;4633x3453;0,4113;41,1;2857;no;0,91;9,60;12,17;13,08
WP_Zo_SK-014_Fußstütze_ungültig.pdf;Zoologischer Garten;green;0,9997;Behelfstreppe - Ausgang II/5 U2, U-Bhf. Zoologischer Garten;yellow;0,7703;OK;4800x3334;16,0;4800x3334;4799x3333;0,9998;100,0;1078;no;0,34;7,50;12,36;12,70
