Filename;Title;Status;Original_size_px;Original_size_MP;Crop_size_px;Sent_size_px;Scale_factor;Scale_percent;Sent_KB;From_cache;Preparation_time_s;First_response_time_s;Model_time_s;Total_time_s
000000018.TIF;Leinestraße;OK;6720x4768;32;6720x4768;2000x1419;0,2976;29,8;541;ja;0,01;1,18;2,4;2,41
00000018.TIF;Reichskanzlerplatz;OK;9536x6784;64,7;9536x6784;2000x1423;0,2097;21;377;ja;0;1,11;2,7;2,7
00000102.TIF;Seidelstraße;OK;9440x6720;63,4;9440x6720;2000x1424;0,2119;21,2;401;ja;0;0,86;3,43;3,43
00000128.TIF;Bahnbrücke der 1. Serie für Erhöhung der Stützmauer Berliner Seite;OK;6720x4768;32;6720x4768;2000x1419;0,2976;29,8;532;ja;0;1,83;243,08;243,08
1149-0007.tif;Neu-Westend;OK;7901x3552;28,1;7901x3552;2000x899;0,2531;25,3;544;ja;0;0,86;2,04;2,04
131_012.TIF;Bismarckstrasse;OK;6112x9354;57,2;6112x9354;1307x2000;0,2138;21,4;259;ja;0;0,86;3,05;3,05
31_50_1146_A_039_0006_00_00_ZG_8_04112_00042_8_0.tif;Kolej;OK;25737x14177;364,9;25737x14177;2000x1102;0,0777;7,8;457;ja;0;0,9;303,78;303,79
A_318_005.tif;Spittelmarkt;OK;16852x4880;82,2;16852x4880;2000x579;0,1187;11,9;179;ja;0;0,78;2,43;2,43
B_115_035.tif;East-033;OK;24763x12468;308,7;24763x12468;2000x1007;0,0808;8,1;297;ja;0;0,81;164,91;164,91
Blatt 9_Treppenanlage und Straßeneinteilung a d Haltestelle Alex - ungültig.tif;Alexanderplatz;OK;5040x3906;19,7;5040x3906;2000x1550;0,3968;39,7;615;ja;0;1,08;2,77;2,77
C316_UBw13165_Vorräume im Bereich des Flughafengeländes .tiff;Paradenstraße;OK;9979x7019;70;9979x7019;2000x1407;0,2004;20;329;ja;0;1,08;79,63;79,63
D 73-006.TIF;Gesundbrunnen-Neukölln;OK;6720x4768;32;6720x4768;2000x1419;0,2976;29,8;493;ja;0;1,59;4,41;4,41
D085_19270929_Unterfangung Haus Hermannstr 256-57 überholt.tif;Lieberholtz;OK;8349x4960;41,4;8349x4960;2000x1188;0,2395;24;372;ja;0;0,88;8,95;8,95
DE_016.tif;Sprengtunnel;OK;24206x13772;333,4;24206x13772;2000x1138;0,0826;8,3;680;ja;0;0,95;145,05;145,05
DE_029 nicht realisiert.tif;Neue Friedrichstrasse;OK;15850x6829;108,2;15850x6829;2000x862;0,1262;12,6;357;ja;0;0,84;3,66;3,66
D_99_023.tif;Boddinstraße;OK;19028x13566;258,1;19028x13566;2000x1426;0,1051;10,5;704;ja;0;1,13;7,53;7,54
E11-02a_Übersichtsplan Anbau Notausstiegsschacht.tif;Karl-Marx-Allee;OK;9925x14288;141,8;9925x14288;1389x2000;0,1399;14;404;ja;0;1,1;7,01;7,01
E59-E60_1-1-7-1b_TK2_BAII-2a_Baugrubenplan.tif;Wartenberg;OK;6966x5889;41;6966x5889;2000x1691;0,2871;28,7;629;ja;0;0,95;250,63;250,63
E_37_006.tif;Magdalenenstraße;OK;10558x6140;64,8;10558x6140;2000x1163;0,1894;18,9;366;ja;0,01;0,86;2,36;2,36
Fettabscheider_Blatt 1.tif;STA - LICHTENBERG;OK;3840x2568;9,9;3840x2568;2000x1338;0,5208;52,1;394;ja;0;0,99;3,64;3,64
G-A_55_102_98d.tif;Platz der Luftbrücke;OK;14141x9977;141,1;14141x9977;2000x1411;0,1414;14,1;609;ja;0;1,07;14,06;14,06
GLW-SM 01.tif;Wilmerdsdorf;OK;4844x6670;32,3;4844x6670;1452x2000;0,2998;30;571;ja;0;0,96;4,3;4,31
G_90_a.tif;Oslaer Str.;OK;11050x8514;94,1;11050x8514;2000x1541;0,181;18,1;622;ja;0;1,25;16,97;16,97
H_119_x.tif;Rathaus Neukölln;OK;7081x5003;35,4;7081x5003;2000x1413;0,2824;28,2;530;ja;0;1,12;3,83;3,83
M1417_ungültig.TIF;Los;OK;4987x3893;19,4;4987x3893;2000x1561;0,401;40,1;245;ja;0;0,64;2,62;2,62
S_100_159.tif;Argentinische Allee;OK;19454x5033;97,9;19454x5033;2000x517;0,1028;10,3;224;ja;0;0,78;10,25;10,25
S_112_002.tif;Bahnhof Danziger Straße;OK;28516x7564;215,7;28516x7564;2000x531;0,0701;7;141;ja;0;0,72;4,12;4,12
S_120_002.tif;Friedrichstrasse;OK;20836x7748;161,4;20836x7748;2000x744;0,096;9,6;171;ja;0;0,85;2,79;2,79
S_133_005.tif;Kaiserdamm;OK;17227x8689;149,7;17227x8689;2000x1009;0,1161;11,6;270;ja;0;0,73;2,5;2,5
S_146_012_neu.tif;Schmuckplatz;OK;4690x5899;27,7;4690x5899;1590x2000;0,339;33,9;534;ja;0;0,87;2,99;2,99
S_220_x.tif;Nollendorfplatz;OK;16596x10693;177,5;16596x10693;2000x1289;0,1205;12,1;926;ja;0;1,86;2,8;2,81
S_223_SK_4995.tif;FLIESEN;OK;10082x3610;36,4;10082x3610;2000x716;0,1984;19,8;234;ja;0;0,87;2,34;2,34
S_328_a.tif;Französische Strasse;OK;18944x8123;153,9;18944x8123;2000x858;0,1056;10,6;537;ja;0;0,94;5,25;5,25
S_411_016.tif;Elm-Chaussee;OK;26628x10595;282,1;26628x10595;2000x796;0,0751;7,5;518;ja;0;0,81;22,18;22,18
S_504_Ein_01.tif;Einsteinplatz;OK;10273x5494;56,4;10273x5494;2000x1070;0,1947;19,5;611;ja;0;1,11;137,92;137,92
S_507_SK_20 892.tif;U-BHF Wuhltal;OK;7051x5024;35,4;7051x5024;2000x1425;0,2836;28,4;565;ja;0;1,2;12,71;12,71
S_510_023 nie gebaut.tif;Tierpark;OK;14625x9564;139,9;14625x9564;2000x1308;0,1368;13,7;436;ja;0;2,96;4,99;4,99
S_714_006.tif;Spanische Strasse;OK;23362x13706;320,2;23362x13706;2000x1173;0,0856;8,6;719;ja;0;0,96;350,12;350,12
UBwE374_Bau eines Lüftungsschachtes Baugrubenaussteifung.tif;Alexanderplatz;OK;11265x8397;94,6;11265x8397;2000x1491;0,1775;17,8;548;ja;0;1,46;4,56;4,56
U_3_POP_B2-212_a.tif;Rosenthaler Platz;OK;19091x13434;256,5;19091x13434;2000x1407;0,1048;10,5;747;ja;0;1,18;200,94;200,94
